reply,label
"Can we discuss pricing??",NEUTRAL
"Im excited to explore this further, plz send contract",POSITIVE
"  We not looking for new solutions.  ",negative
"Could u clarify features included?",neutral
"lets,, schedule a meeting to dive deeper",positive
"Please remove me from list",NEGATIVE
"This looks promising, send specs!!",Positive
"Ill need to check w/ my team",Neutral
"Were alredy using similar product",negative
"Looking forward to demo!",POSITIVE
"Can you provide case study?",neutral
"Not good fit, thx.",negative
"Im intrsted, lets schdule discussion",positive
"Please send pricing breakdown",NEUTRAL
"Were happy w/ current provider.",Negative
"This could be game-changer, lets talk!",positive
"Can u confirm implementation timeline?",neutral
"No need 4 this in workflow",negative
"Id love to see live demo!",POSITIVE
"Could you share client testimonials",Neutral
"Were not intrested in vendors",negative
"lets set up call next week",positive
"Ill pass this to procurement team",neutral
"Plz stop contacting me.",NEGATIVE
"This sounds great, send details!",positive
"Can u explain integration?",neutral
"Not in market for this",negative
"Im eager to learn more, lets connect",POSITIVE
"Please send feature list",neutral
"Weve commited to another solution",Negative
"This looks exciting, can we schdule demo?",positive
"Ill need to review w/ boss",neutral
"Not relevant to our needs",negative
"Lets talk about scaling",POSITIVE
"Can u share demo video?",Neutral
"Were not looking to change providers",negative
"Im intrested, plz send proposal",positive
"Could u provide ROI data?",neutral
"This isnt priority.",NEGATIVE
"Excited to see how this works!",positive
"Plz clarify support options",neutral
"Doesnt align w/ goals",negative
"Lets schdule call to review features",POSITIVE
"Can you provide cost estimate",neutral
"Were not ready to explore",Negative
"This looks perfect, send contract!",positive
"Ill need more details for team",neutral
"Plz stop reaching out",NEGATIVE
"Im excited about potential!",positive
"Can u share comparison w/ competitors?",neutral
"Not intrested at this time",negative
"Lets discuss how this benefits us",POSITIVE
"Send user guide plz",neutral
"This isnt relevant to business",Negative
"Id love to explore further!",positive
"Can u confirm delivery timeline",neutral
"Were locked into contract",negative
"This sounds great oppurtunity!",POSITIVE
"Plz send pricing structure",neutral
"Not fit for our needs",Negative
"This could streamline process, lets talk",positive
"Can u provide trial account?",neutral
"No intrest in this product",NEGATIVE
"Im excited to see in action!",positive
"Plz share integration guide",neutral
"Were not looking to invest",negative
"Lets schdule product walkthrough",POSITIVE
"Can u clarify subscription model?",neutral
"Doesnt meet requirements",Negative
"Id love to discuss w/ your team!",positive
"Send sample report plz",neutral
"No need for this service",NEGATIVE
"This could help, send details!",positive
"Can u share setup process?",neutral
"Isnt priority right now",negative
"Lets set time to discuss",POSITIVE
"Plz send product roadmap",neutral
"Dont need this solution",Negative
"Im eager to see how works!",positive
"Can u provide pricing comparison?",neutral
"Not intrested, plz stop.",NEGATIVE
"This looks promising, schdule call",positive
"Send support plan details",neutral
"Not looking for new tools",negative
"Id love to learn more!",POSITIVE
"Can u share feature comparison?",neutral
"Doesnt fit strategy",Negative
"Lets arrange demo next week",positive
"Plz provide contract terms",neutral
"Not intrested in offer",NEGATIVE
"This could solve issue, lets discuss",positive
"Can u share onboarding process?",neutral
"Dont have budget for this",negative
"Im looking forward to presentation!",POSITIVE
"Clarify support options plz",neutral
"Not aligned w/ goals",Negative
"Lets schdule call to explore",positive
"Send feature list",neutral
"Were not pursuing this",NEGATIVE
"This could be great, send proposal!",positive
"Can u provide case study?",neutral
"No need in workflow",negative
"Im excited to review further!",POSITIVE
"Plz send technical documentation",neutral
"Not open to new vendors",Negative
"Lets discuss how integrates",positive
"Can u share API docs?",neutral
"Isnt relevant to team",NEGATIVE
"This sounds fantastic, lets call!",positive
"Send demo link plz",neutral
"Not in market for this",Negative
"Id love to see how works!",positive
"Can u send pricing tiers?",neutral
"Not fit for setup",NEGATIVE
"This could be perfect, send contract!",positive
"Plz share implementation guide",neutral
"Dont need this service",negative
"Im intrested, schdule demo!",POSITIVE
"Can u provide client reference?",neutral
"Isnt something we need",Negative
"Lets explore in meeting!",positive
"Send product specs plz",neutral
"Not open to solutions",NEGATIVE
"This looks great fit, send proposal!",positive
"Can u clarify licensing model?",neutral
"No intrest right now",negative
"Im excited, lets connect!",POSITIVE
"Plz provide cost breakdown",neutral
"Were happy w/ current tools",Negative
"This could enhance workflow, discuss!",positive
"Can u share demo video?",neutral
"Doesnt align w/ needs",NEGATIVE
"Lets schdule product overview",positive
"Send service agreement plz",neutral
"Not looking to change systems",Negative
"Id love to explore solution!",positive
"Can u provide trial link?",neutral
"Not relevant to ops",NEGATIVE
"This sounds great, lets talk!",positive
"Plz share feature roadmap",neutral
"Dont need this moment",Negative
"Im eager to see demo!",POSITIVE
"Can u send pricing guide?",neutral
"Isnt good fit for us",negative
"Lets discuss scaling!",positive
"Send integration details plz",neutral
"Not intrested in product",NEGATIVE
"This could be game-changer, connect!",positive
"Can u share API documentation?",neutral
"Not priority for us",Negative
"Id love to discuss further!",POSITIVE
"Plz send support terms",neutral
"Not open to new tools",negative
"This could streamline, lets talk!",positive
"Can u provide feature comparison?",neutral
"Dont see value in solution",NEGATIVE
"Im excited, schdule call!",positive
"Send cost estimate plz",neutral
"Not looking to invest",Negative
"This looks promising, lets demo!",POSITIVE
"Can u share client case study?",neutral
"Not pursuing right now",negative
"Lets set up product walkthrough!",positive
"Plz provide pricing structure",neutral
"Were not intrested",NEGATIVE
"Id love to see in action!",positive
"Can u send technical specs?",neutral
"Dont need this service",Negative
"This could help, send proposal!",POSITIVE
"Clarify subscription model plz",neutral
"Not fit for team",negative
"Lets discuss in meeting!",positive
"Send feature list plz",neutral
"Not intrested in offer",NEGATIVE
"Im excited to explore!",positive
"Can u provide demo link?",neutral
"Were not in market",negative
"This sounds great, schdule call!",POSITIVE
"Plz share support plan",neutral
"Doesnt meet needs",Negative
"Id love to learn more!",positive
"Can u send pricing tiers?",neutral
"Not relevant to goals",NEGATIVE
"This could be perfect, send details!",positive
"Send implementation guide plz",neutral
"No need for this",Negative
"Im eager to review!",POSITIVE
"Can u share cost breakdown?",neutral
"Were happy w/ provider",negative
"This could streamline, connect!",positive
"Plz provide feature comparison",neutral
"Not intrested right now",NEGATIVE
"Lets schdule demo next week",positive
"Can u send product roadmap?",neutral
"Dont need solution",Negative
"Id love to see demo!",POSITIVE
"Send pricing guide plz",neutral
"Isnt priority now",negative
"This looks great, lets talk!",positive
"Can u share demo video?",neutral
"Not open to vendors",NEGATIVE
"Im excited about oppurtunity!",positive
"Plz send contract terms",neutral
"No intrest in product",Negative
"Lets discuss how benefits!",POSITIVE
"Can u provide trial account?",neutral
"Doesnt fit strategy",negative
"This could be game-changer, schedule!",positive
"Send feature list plz",neutral
"Not looking for tools",NEGATIVE
"Id love to explore further!",positive
"Can u share support terms?",neutral
"Dont need this moment",Negative
"This sounds fantastic, connect!",POSITIVE
"Plz provide pricing breakdown",neutral
"Not good fit for us",negative
"Lets set up call!",positive
"Can u send technical guide?",neutral
"Were not pursuing",NEGATIVE
"Im eager to see in action!",positive
"Send demo link plz",neutral
"Not relevant to team",Negative
"This could streamline, discuss!",POSITIVE
"Can u provide feature comparison?",neutral
"No need in workflow",negative
"Id love to discuss w/ team!",positive
"Plz share cost structure",neutral
"Not intrested in service",NEGATIVE
"This looks promising, schdule demo!",positive
"Can u send product specs?",neutral
"Were happy w/ setup",Negative
"Im excited to review!",POSITIVE
"Send implementation guide plz",neutral
"Doesnt meet requirements",negative
"Lets discuss in meeting!",positive
"Can u provide pricing guide?",neutral
"Not open to solutions",NEGATIVE
"Id love to see how works!",positive
"Plz share support plan",neutral
"No intrest right now",negative
"This could be perfect, send proposal!",POSITIVE
"Can u send feature list?",neutral
"Not fit for needs",Negative
"Im eager to learn more!",positive
"Send demo video plz",neutral
"Were not in market",NEGATIVE
"This sounds great, lets connect!",positive
"Can u provide trial link?",neutral
"Doesnt align w/ goals",negative
"Lets schdule product overview!",POSITIVE
"Plz send pricing structure",neutral
"No need for this",Negative
"Id love to explore solution!",POSITIVE
"Can u share cost breakdown?",neutral
"Not intrested in product",negative
"This could streamline, talk!",positive
"Send feature comparison plz",neutral
"Were not pursuing",NEGATIVE
"Im excited, schdule call!",positive
"Can u provide case study?",neutral
"Not good fit for team",Negative
"Lets set up demo!",POSITIVE
"Plz send technical specs",neutral
"Dont need service",negative
"Id love to see in action!",positive
"Can u share pricing tiers?",neutral
"Not relevant to ops",NEGATIVE
"This looks great, send details!",positive
"Send support terms plz",neutral
"Were happy w/ provider",Negative
"Im eager to discuss!",POSITIVE
"Can u provide demo link?",neutral
"Not intrested in offer",negative
"Lets discuss how integrates!",positive
"Plz share feature roadmap",neutral
"No need for solution",NEGATIVE
"Id love to review w/ team!",positive
"Can u send cost structure?",neutral
"Doesnt fit strategy",negative
"This could be game-changer, connect!",POSITIVE
"Send implementation guide plz",neutral
"Not open to vendors",Negative
"Im excited to explore!",positive
"Can u provide pricing breakdown?",neutral
"No intrest in product",NEGATIVE
"Lets schdule product walkthrough!",positive
"Plz send feature list",neutral
"Not looking for tools",negative
"Id love to learn more!",POSITIVE
"Can u share demo video?",neutral
"Doesnt meet needs",Negative
"This sounds fantastic, schedule!",positive
"Send pricing guide plz",neutral
"No need in workflow",NEGATIVE
"Im eager to see demo!",positive
"Can u provide trial account?",neutral
"Not fit for team",negative
"Lets discuss in meeting!",POSITIVE
"Plz share support plan",neutral
"Were not pursuing",Negative
"Id love to see how works!",positive
"Can u send technical guide?",neutral
"Not intrested right now",NEGATIVE
"This could streamline, send proposal!",positive
"Send feature comparison plz",neutral
"No need for this",Negative
"Im excited about oppurtunity!",POSITIVE
"Can u provide case study?",neutral
"Not open to solutions",negative
"Lets set up call!",positive
"Plz send pricing structure",neutral
"Doesnt align w/ goals",NEGATIVE
"Id love to explore further!",positive
"Can u share cost breakdown?",neutral
"Not good fit for us",negative
"This looks promising, connect!",POSITIVE
"Send demo link plz",neutral
"No intrest in service",Negative
"Im eager to review!",positive
"Can u provide feature list?",neutral
"Were happy w/ setup",NEGATIVE
"Lets schdule demo next week!",positive
"Plz send support terms",neutral
"Not relevant to team",negative
"Id love to discuss w/ team!",POSITIVE
"Can u share pricing guide?",neutral
"No need for solution",Negative
"This could be perfect, send details!",positive
"Send technical specs plz",neutral
"Not intrested in product",NEGATIVE
"Im excited to see in action!",positive
"Can u provide demo video?",neutral
"Doesnt meet requirements",negative
"Lets discuss how integrates!",POSITIVE
"Plz send feature roadmap",neutral
"No need in workflow",Negative
"Id love to learn more!",positive
"Can u share cost structure?",neutral
"Not open to vendors",NEGATIVE
"This sounds great, schdule call!",positive
"Send implementation guide plz",neutral
"Not fit for needs",negative
"Im eager to explore solution!",POSITIVE
"Can u provide pricing breakdown?",neutral
"No intrest right now",negative
"Lets set up product overview!",positive
"Plz share support plan",neutral
"Were not pursuing",NEGATIVE
"Id love to see demo!",positive
"Can u send feature comparison?",neutral
"Not good fit for team",Negative
"This could streamline, connect!",POSITIVE
"Send pricing tiers plz",neutral
"No need for this",negative
"Im excited, send proposal!",POSITIVE
"Can u provide case study?",neutral
"Not intrested in offer",Negative
"Lets discuss in meeting!",positive
"Plz send demo link",neutral
"Were happy w/ provider",NEGATIVE
"Id love to review w/ team!",positive
"Can u share technical guide?",neutral
"Not relevant to ops",negative
"This looks great, schedule!",POSITIVE
"Send feature list plz",neutral
"No need for solution",Negative
"Im eager to learn more!",positive
"Can u provide pricing structure?",neutral
"Doesnt align w/ goals",NEGATIVE
"Lets schdule product walkthrough!",positive
"Plz send support terms",neutral
"Not open to vendors",negative
"Id love to see in action!",POSITIVE
"Can u share cost breakdown?",neutral
"No intrest in product",Negative
"This could be game-changer, talk!",positive
"Send demo video plz",neutral
"Not fit for strategy",NEGATIVE
"Im excited to explore!",positive
"Can u provide feature roadmap?",neutral
"No need in workflow",negative
"Lets set up call!",POSITIVE
"Plz send pricing guide",neutral
"Not intrested right now",Negative
"Id love to discuss further!",positive
"Can u share trial account?",neutral
"Were not pursuing",NEGATIVE
"This sounds fantastic, connect!",positive
"Send technical specs plz",neutral
"No need for this",Negative
"Im eager to see demo!",POSITIVE
"Can u provide demo link?",neutral
"Not good fit for us",negative
"Lets discuss how integrates!",positive
"Plz share feature comparison",neutral
"No intrest in service",NEGATIVE
"Id love to learn more!",positive
"Can u send cost structure?",neutral
"Doesnt meet requirements",negative
"This could streamline, send proposal!",POSITIVE
"Send pricing breakdown plz",neutral
"Not open to solutions",Negative
"Im excited about oppurtunity!",positive
"Can u provide case study?",neutral
"No need for solution",NEGATIVE
"Lets schdule demo next week!",positive
"Plz send support plan",neutral
"Not fit for team",negative
"Id love to see in action!",POSITIVE
"Can u share feature list?",neutral
"Were happy w/ setup",Negative
"This looks great, connect!",positive
"Can u provide demo video?",neutral
"Not intrested in product",NEGATIVE
"Im eager to review!",positive
"Plz send technical guide",neutral
"No need in workflow",negative
"Lets discuss in meeting!",POSITIVE
"Send pricing structure plz",neutral
"Not open to vendors",Negative
"Id love to explore solution!",positive
"Can u share cost breakdown?",neutral
"No intrest right now",NEGATIVE
"This could be perfect, talk!",positive
"Plz send feature roadmap",neutral
"Doesnt align w/ goals",negative
"Im excited to see demo!",POSITIVE
"Can u provide trial account?",neutral
"Not good fit for us",Negative
"Lets set up product overview!",positive
"Send demo link plz",neutral
"No need for this",NEGATIVE
"Id love to learn more!",positive
"Can u share pricing guide?",neutral
"Not intrested in offer",negative
"This sounds great, schdule call!",POSITIVE
"Plz send support terms",neutral
"Were not pursuing",Negative
"Im eager to discuss!",positive
"Can u provide feature comparison?",neutral
"Not fit for strategy",NEGATIVE
"This could streamline, connect!",positive
"Send technical specs plz",neutral
"No need for solution",Negative
"Im excited to review w/ team!",POSITIVE
"Can u share cost structure?",neutral
"Not intrested in product",negative
"Lets discuss how integrates!",positive
"Plz send pricing breakdown",neutral
"No need in workflow",NEGATIVE
"Id love to see in action!",positive
"Can u provide demo video?",neutral
"Not open to vendors",negative
"This looks great, send proposal!",POSITIVE
"Send feature list plz",neutral
"No intrest right now",Negative
"Im eager to explore!",positive
"Can u share trial account?",neutral
"Doesnt meet requirements",NEGATIVE
"Lets schdule demo next week!",positive
"Plz send pricing structure",neutral
"Not good fit for team",negative
"Id love to learn more!",POSITIVE
"Can u provide case study?",neutral
"Were happy w/ setup",Negative
"This could be perfect, connect!",positive
"Send demo link plz",neutral
"No need for this",NEGATIVE
"Im excited about oppurtunity!",positive
"Can u share feature roadmap?",neutral
"Not intrested in service",negative
"Lets discuss in meeting!",POSITIVE
"Plz send technical guide",neutral
"No need for solution",Negative
"Id love to see demo!",positive
"Can u provide pricing guide?",neutral
"Not fit for strategy",NEGATIVE
"This sounds great, schdule call!",positive
"Send support terms plz",neutral
"No intrest in product",negative
"Im eager to review!",POSITIVE
"Can u share cost breakdown?",neutral
"Not open to vendors",Negative
"Lets set up product overview!",positive
"Plz send feature comparison",neutral
"No need in workflow",NEGATIVE
"Id love to explore solution!",positive
"Can u provide demo video?",neutral
"Not good fit for us",negative
"This could streamline, talk!",POSITIVE
"Send pricing breakdown plz",neutral
"No intrest right now",Negative
"Im excited to see in action!",positive
"Can u share trial account?",neutral
"Doesnt meet requirements",NEGATIVE
"Lets discuss how integrates!",positive
"Plz send feature list",neutral
"No need for this",Negative
"Id love to learn more!",POSITIVE
"Can u provide case study?",neutral
"Not intrested in offer",negative
"This looks great, connect!",POSITIVE
"Send demo link plz",neutral
"Were happy w/ setup",Negative
"Im eager to discuss!",positive
"Can u share pricing structure?",neutral
"Not fit for team",NEGATIVE
"Lets schdule demo next week!",positive
"Plz send support plan",neutral
"No need for solution",negative
"Id love to see demo!",POSITIVE
"Can u provide feature roadmap?",neutral
"Not intrested in product",Negative
"This could be perfect, send proposal!",positive
"Send technical specs plz",neutral
"No need in workflow",NEGATIVE
"Im excited to explore!",positive
"Can u share cost breakdown?",neutral
"Not open to vendors",negative
"Lets discuss in meeting!",POSITIVE
"Plz send pricing guide",neutral
"No intrest right now",Negative
"Id love to review w/ team!",positive
"Can u provide demo video?",neutral
"Doesnt meet requirements",NEGATIVE
"This sounds great, schdule call!",positive
"Send feature comparison plz",neutral
"No need for this",Negative
"Im eager to learn more!",POSITIVE
"Can u share trial account?",neutral
"Not good fit for us",negative
"Lets set up product overview!",positive
"Plz send pricing structure",neutral
"Not intrested in service",NEGATIVE
"Id love to see in action!",positive
"Can u provide case study?",neutral
"Were happy w/ setup",Negative
"This could streamline, connect!",POSITIVE
"Send demo link plz",neutral
"No need for solution",negative
"Im excited about oppurtunity!",positive
"Can u share feature list?",neutral
"Not fit for strategy",NEGATIVE
"Lets discuss how integrates!",positive
"Plz send technical guide",neutral
"No intrest in product",Negative
"Id love to explore solution!",POSITIVE
"Can u provide pricing breakdown?",neutral
"No need in workflow",NEGATIVE
"This looks great, send proposal!",positive
"Send support terms plz",neutral
"Not open to vendors",negative
"Im eager to review!",POSITIVE
"Can u share cost structure?",neutral
"Not intrest right now",Negative
"Lets schdule demo next week!",positive
"Plz send feature roadmap",neutral
"No need for this",NEGATIVE
"Id love to see demo!",positive
"Can u provide demo video?",neutral
"Not good fit for team",Negative
"This could be perfect, connect!",POSITIVE
"Send pricing guide plz",neutral
"No intrested in offer",NEGATIVE
"Im excited to learn more!",positive
"Can u share trial account?",neutral
"Doesnt meet requirements",negative
"Lets discuss in meeting!",POSITIVE
"Plz send feature comparison",neutral
"No need for solution",Negative
"Id love to see in action!",positive
"Can u provide case study?",neutral
"Were happy w/ setup",NEGATIVE
"This sounds great, schdule call!",positive
"Send demo link plz",neutral
"No intrest in product",negative
"Im eager to explore!",POSITIVE
"Can u share pricing structure?",neutral
"Not fit for strategy",Negative
"Lets set up product overview!",positive
"Plz send technical guide",neutral
"No need in workflow",NEGATIVE
"Id love to review w/ team!",positive
"Can u provide feature list?",neutral
"Not open to vendors",negative
"This could streamline, talk!",POSITIVE
"Send pricing breakdown plz",neutral
"No intrest right now",Negative
"Im excited about oppurtunity!",positive
"Can u share cost structure?",neutral
"Not good fit for us",NEGATIVE
"Lets discuss how integrates!",positive
"Plz send support plan",neutral
"No need for this",Negative
"Id love to see demo!",POSITIVE
"Can u provide demo video?",neutral
"Not intrested in service",negative
"This looks great, connect!",POSITIVE
"Send feature roadmap plz",neutral
"No need for solution",NEGATIVE
"Im eager to learn more!",positive
"Can u provide trial account?",neutral
"Doesnt meet requirements",negative
"Lets schdule demo next week!",POSITIVE
"Plz send pricing guide",neutral
"Not fit for team",Negative
"Id love to explore solution!",positive
"Can u share case study?",neutral
"Were happy w/ setup",NEGATIVE
"This could be perfect, send proposal!",positive
"Send demo link plz",neutral
"No intrest in product",Negative
"Im excited to see in action!",POSITIVE
"Can u provide pricing structure?",neutral
"Not open to vendors",negative
"Lets discuss in meeting!",positive
"Plz send feature comparison",neutral
"No need in workflow",NEGATIVE
"Id love to review w/ team!",positive
"Can u share cost breakdown?",neutral
"Not intrest right now",Negative
"This sounds great, schdule call!",POSITIVE
"Send technical guide plz",neutral
"No need for this",Negative
"Im eager to explore!",positive
"Can u provide feature list?",neutral
"Not good fit for us",NEGATIVE
"Lets set up product overview!",positive
"Plz send pricing breakdown",neutral
"Not intrested in service",negative
"Id love to learn more!",POSITIVE
"Can u share demo video?",neutral
"Doesnt meet requirements",Negative
"This could streamline, connect!",positive
"Send support terms plz",neutral
"No need for solution",NEGATIVE
"Im excited about oppurtunity!",positive
"Can u provide case study?",neutral
"Not fit for strategy",negative
"Lets discuss how integrates!",POSITIVE
"Plz send feature roadmap",neutral
"No intrest in product",Negative
"Id love to see demo!",positive
"Can u share pricing guide?",neutral
"Were happy w/ setup",NEGATIVE
"This looks great, send proposal!",positive
"Send demo link plz",neutral
"No need in workflow",NEGATIVE
"Im eager to review!",positive
"Can u provide trial account?",neutral
"Not open to vendors",negative
"Lets schdule demo next week!",POSITIVE
"Plz send cost structure",neutral
"No intrest right now",Negative
"Id love to explore solution!",positive
"Can u share feature comparison?",neutral
"Doesnt meet requirements",NEGATIVE
"This could be perfect, connect!",positive
"Send pricing structure plz",neutral
"No need for this",Negative
"Im excited to see in action!",POSITIVE
"Can u provide demo video?",neutral
"Not good fit for team",negative
"Lets discuss in meeting!",positive
"Plz send technical guide",neutral
"No intrested in service",NEGATIVE
"Id love to learn more!",positive
"Can u share pricing breakdown?",neutral
"Not fit for strategy",Negative
"This sounds great, schdule call!",POSITIVE
"Send feature list plz",neutral
"No need for solution",NEGATIVE
"Im eager to explore!",positive
"Can u provide case study?",neutral
"Were happy w/ setup",Negative
"This could streamline, talk!",POSITIVE
"Plz send support plan",neutral
"No intrest in product",negative
"Id love to see demo!",POSITIVE
"Can u share cost structure?",neutral
"Not open to vendors",NEGATIVE
"Lets set up product overview!",positive
"Plz send feature roadmap",neutral
"No need in workflow",Negative
"Im excited about oppurtunity!",POSITIVE
"Can u provide trial account?",neutral
"Doesnt meet requirements",negative
"Lets discuss how integrates!",positive
"Send demo link plz",neutral
"No intrest right now",NEGATIVE
"Id love to review w/ team!",positive
"Can u share pricing guide?",neutral
"Not good fit for us",negative
"This could be perfect, send proposal!",POSITIVE
"Plz send technical specs",neutral
"No need for this",Negative
"Im eager to learn more!",positive
"Can u provide feature comparison?",neutral
"Not intrested in service",NEGATIVE
"Lets schdule demo next week!",positive
"Send pricing breakdown plz",neutral
"No need for solution",Negative
"Id love to see in action!",POSITIVE
"Can u share demo video?",neutral
"Not fit for strategy",negative
"This sounds great, connect!",POSITIVE
"Plz send support terms",neutral
"No intrest in product",NEGATIVE
"Im excited to explore!",positive
"Can u provide case study?",neutral
"Were happy w/ setup",Negative
"Lets discuss in meeting!",POSITIVE
"Send feature list plz",neutral
"No need in workflow",NEGATIVE
"Id love to learn more!",positive
"Can u share cost structure?",neutral
"Not open to vendors",negative
"This could streamline, talk!",POSITIVE
"Plz send pricing structure",neutral
"No intrest right now",Negative
"Im eager to review!",positive
"Can u provide trial account?",neutral
"Doesnt meet requirements",NEGATIVE
"Lets set up product overview!",positive
"Send demo link plz",neutral
"No need for this",Negative
"Im excited about oppurtunity!",POSITIVE
"Can u share feature roadmap?",neutral
"Not good fit for team",negative
"Lets discuss how integrates!",POSITIVE
"Plz send technical guide",neutral
"No intrested in service",NEGATIVE
"Id love to see demo!",positive
"Can u provide pricing guide?",neutral
"Not fit for strategy",Negative
"This could be perfect, connect!",POSITIVE
"Send pricing breakdown plz",neutral
"No need for solution",NEGATIVE
"Im eager to explore!",positive
"Can u share demo video?",neutral
"Not open to vendors",negative
"Lets schdule demo next week!",POSITIVE
"Plz send feature comparison",neutral
"No intrest in product",Negative
"Id love to learn more!",positive
"Can u provide case study?",neutral
"Were happy w/ setup",NEGATIVE
"This sounds great, send proposal!",positive
"Send support terms plz",neutral
"No need in workflow",Negative
"Im excited to see in action!",POSITIVE
"Can u share cost structure?",neutral
"Not intrest right now",negative
"Lets discuss in meeting!",positive
"Plz send feature list",neutral
"Doesnt meet requirements",NEGATIVE
"This could streamline, talk!",positive
"Send pricing structure plz",neutral
"No need for this",Negative
"Im eager to review!",POSITIVE
"Can u provide trial account?",neutral
"Not good fit for us",negative
"Lets set up product overview!",POSITIVE
"Plz send demo video",neutral
"No intrested in service",NEGATIVE
"Id love to explore solution!",positive
"Can u share feature roadmap?",neutral
"Not fit for strategy",Negative
"This could be perfect, connect!",POSITIVE
"Send technical guide plz",neutral
"No need for solution",NEGATIVE
"Im excited about oppurtunity!",positive
"Can u provide pricing breakdown?",neutral
"Not open to vendors",negative
"Lets discuss how integrates!",POSITIVE
"Plz send support plan",neutral
"No intrest in product",Negative
"Id love to see demo!",positive
"Can u share cost structure?",neutral
"Were happy w/ setup",NEGATIVE
"This sounds great, schdule call!",positive
"Send feature comparison plz",neutral
"No need in workflow",Negative
"Im eager to learn more!",POSITIVE
"Can u provide case study?",neutral
"Not intrest right now",negative
"Lets schdule demo next week!",POSITIVE
"Plz send pricing guide",neutral
"Doesnt meet requirements",Negative
"Id love to review w/ team!",positive
"Can u share demo link?",neutral
"Not good fit for team",NEGATIVE
"This could streamline, send proposal!",positive
"Send pricing structure plz",neutral
"No need for this",Negative
"Im excited to see in action!",POSITIVE
"Can u provide feature list?",neutral
"Not intrested in service",NEGATIVE
"Lets discuss in meeting!",positive
"Plz send technical specs",neutral
"No need for solution",Negative
"Id love to explore!",POSITIVE
"Can u share pricing breakdown?",neutral
"Not open to vendors",negative
"This could be perfect, connect!",POSITIVE
"Send demo video plz",neutral
"No intrest in product",NEGATIVE
"Im eager to review!",positive
"Can u provide support terms?",neutral
"Not fit for strategy",Negative
"Lets set up product overview!",POSITIVE
"Plz send feature roadmap",neutral
"No need in workflow",NEGATIVE
"Id love to learn more!",positive
"Can u share cost structure?",neutral
"Were happy w/ setup",Negative
"This sounds great, schdule call!",POSITIVE
"Send pricing guide plz",neutral
"No intrest right now",Negative
"Im excited about oppurtunity!",positive
"Can u provide trial account?",neutral
"Doesnt meet requirements",NEGATIVE
"Lets discuss how integrates!",positive
"Plz send feature comparison",neutral
"No need for this",Negative
"Id love to see demo!",POSITIVE
"Can u share case study?",neutral
"Not good fit for us",negative
"This could streamline, talk!",POSITIVE
"Send demo link plz",neutral
"No intrested in service",NEGATIVE
"Im eager to explore!",positive
"Can u provide pricing structure?",neutral
"Not open to vendors",Negative
"Lets schdule demo next week!",POSITIVE
"Plz send technical guide",neutral
"No need for solution",NEGATIVE
"Id love to review w/ team!",positive
"Can u share feature list?",neutral
"Not fit for strategy",Negative
"This could be perfect, send proposal!",POSITIVE
"Send pricing breakdown plz",neutral
"No intrest in product",NEGATIVE
"Im excited to see in action!",positive
"Can u provide demo video?",neutral
"Were happy w/ setup",Negative
"Lets discuss in meeting!",POSITIVE
"Plz send support terms",neutral
"No need in workflow",NEGATIVE
"Id love to learn more!",positive
"Can u share cost structure?",neutral
"Not intrest right now",Negative
"This sounds great, connect!",POSITIVE
"Send feature roadmap plz",neutral
"No need for this",NEGATIVE
"Im eager to explore!",positive
"Can u provide trial account?",neutral
"Not good fit for team",NEGATIVE
"Lets set up product overview!",positive
"Plz send pricing guide",neutral
"No intrested in service",NEGATIVE
"Id love to see demo!",positive
"Can u share case study?",neutral
"Not open to vendors",Negative
"This could streamline, talk!",POSITIVE
"Send demo link plz",neutral
"No intrest in product",NEGATIVE
"Im excited about oppurtunity!",positive
"Can u provide pricing breakdown?",neutral
"Not fit for strategy",Negative
"Lets discuss how integrates!",POSITIVE
"Plz send technical specs",neutral
"No need for solution",NEGATIVE
"Id love to review w/ team!",positive
"Can u share feature comparison?",neutral
"Were happy w/ setup",Negative
"This could be perfect, connect!",POSITIVE
"Send pricing structure plz",neutral
"No intrest right now",NEGATIVE
"Im eager to learn more!",positive
"Can u provide demo video?",neutral
"Not good fit for us",Negative
"Lets schdule demo next week!",POSITIVE
"Plz send support plan",neutral
"No need in workflow",NEGATIVE
"Id love to see in action!",positive
"Can u share cost structure?",neutral
"Not intrested in service",Negative
"This sounds great, send proposal!",POSITIVE
"Send feature list plz",neutral
"No need for this",NEGATIVE
"Im excited to explore!",positive
"Can u provide trial account?",neutral
"Not open to vendors",NEGATIVE
"Lets discuss in meeting!",positive
"Plz send pricing guide",neutral
"Not intrest in product",Negative
"Id love to learn more!",POSITIVE
"Can u share case study?",neutral
"Doesnt meet requirements",NEGATIVE
"This could streamline, talk!",positive
"Send demo link plz",neutral
"No need for solution",NEGATIVE
"Im eager to review!",positive
"Can u share feature roadmap?",neutral
"Not good fit for team",Negative
"Lets set up product overview!",POSITIVE
"Plz send technical guide",neutral
"No intrest right now",NEGATIVE
"Id love to see demo!",positive
"Can u provide pricing breakdown?",neutral
"Not fit for strategy",Negative
"This could be perfect, connect!",POSITIVE
"Send support terms plz",neutral
"No need in workflow",NEGATIVE
"Im excited about oppurtunity!",positive
"Can u share cost structure?",neutral
"Not open to vendors",Negative
"Lets discuss how integrates!",POSITIVE
"Plz send feature comparison",neutral
"No intrest in service",NEGATIVE
"Id love to explore!",positive
"Can u provide demo video?",neutral
"Not good fit for us",Negative
"This sounds great, schdule call!",POSITIVE
"Send pricing guide plz",neutral
"No need for this",NEGATIVE
"Im eager to learn more!",positive
"Can u share trial account?",neutral
"Doesnt meet requirements",NEGATIVE
"Lets schdule demo next week!",positive
"Plz send feature list",neutral
"Not intrested in product",Negative
"Id love to see in action!",POSITIVE
"Can u share case study?",neutral
"Were happy w/ setup",Negative
"This could streamline, send proposal!",POSITIVE
"Send demo link plz",neutral
"No intrest in service",NEGATIVE
"Im excited to review!",positive
"Can u provide pricing structure?",neutral
"Not open to vendors",Negative
"Lets discuss in meeting!",POSITIVE
"Plz send technical specs",neutral
"No need for solution",NEGATIVE
"Id love to explore solution!",positive
"Can u share cost breakdown?",neutral
"Not good fit for team",Negative
"This could be perfect, talk!",POSITIVE
"Send feature roadmap plz",neutral
"No intrest right now",NEGATIVE
"Im eager to see demo!",positive
"Can u provide demo video?",neutral
"Not fit for strategy",Negative
"Lets set up product overview!",POSITIVE
"Plz send pricing guide",neutral
"No need in workflow",NEGATIVE
"Id love to learn more!",positive
"Can u share support plan?",neutral
"Not intrested in service",NEGATIVE
"This sounds great, connect!",positive
"Send pricing breakdown plz",neutral
"No need for this",Negative
"Im excited about oppurtunity!",POSITIVE
"Can u provide case study?",neutral
"Not open to vendors",NEGATIVE
"Lets discuss how integrates!",positive
"Plz send feature comparison",neutral
"No intrest in product",NEGATIVE
"Id love to see in action!",positive
"Can u share cost structure?",neutral
"Were happy w/ setup",Negative
"This could streamline, send proposal!",POSITIVE
"Send demo link plz",neutral
"No need for solution",NEGATIVE
"Im eager to review!",positive
"Can u provide trial account?",neutral
"Not good fit for us",Negative
"Lets schdule demo next week!",POSITIVE
"Plz send pricing structure",neutral
"Not intrest right now",NEGATIVE
"Id love to explore!",positive
"Can u provide feature list?",neutral
"Not fit for strategy",Negative
"This could be perfect, connect!",POSITIVE
"Send technical guide plz",neutral
"No need in workflow",NEGATIVE
"Im excited to learn more!",positive
"Can u share demo video?",neutral
"Not intrested in service",NEGATIVE
"Lets discuss in meeting!",positive
"Plz send feature roadmap",neutral
"No need for this",Negative
"Id love to see demo!",POSITIVE
"Can u share pricing guide?",neutral
"Not open to vendors",NEGATIVE
"This sounds great, schdule call!",positive
"Send support terms plz",neutral
"No intrest in product",Negative
"Im eager to review!",POSITIVE
"Can u provide cost breakdown?",neutral
"Not good fit for team",NEGATIVE
"Lets set up product overview!",positive
"Plz send pricing breakdown",neutral
"No need for solution",NEGATIVE
"Id love to explore solution!",positive
"Can u share case study?",neutral
"Were happy w/ setup",Negative
"This could streamline, talk!",POSITIVE
"Send demo link plz",neutral
"No intrest right now",NEGATIVE
"Im excited about oppurtunity!",positive
"Can u provide feature comparison?",neutral
"Not fit for strategy",Negative
"Lets discuss how integrates!",POSITIVE
"Plz send technical specs",neutral
"No need in workflow",NEGATIVE
"Id love to see in action!",positive
"Can u share pricing structure?",neutral
"Not intrested in service",NEGATIVE
"This could be perfect, send proposal!",positive
"Send feature list plz",neutral
"No need for this",Negative
"Im eager to learn more!",POSITIVE
"Can u provide demo video?",neutral
"Not open to vendors",NEGATIVE
"Lets schdule demo next week!",positive
"Plz send cost structure",neutral
"No intrest in product",Negative
"Id love to review w/ team!",POSITIVE
"Can u share trial account?",neutral
"Not good fit for us",NEGATIVE
"This sounds great, connect!",positive
"Send pricing guide plz",neutral
"No need for solution",NEGATIVE
"Im excited to explore!",positive
"Can u share feature roadmap?",neutral
"Not fit for strategy",Negative
"Lets discuss in meeting!",POSITIVE
"Plz send support plan",neutral
"No intrest right now",NEGATIVE
"Id love to see demo!",positive
"Can u provide case study?",neutral
"Were happy w/ setup",NEGATIVE
"This could streamline, send proposal!",POSITIVE
"Send demo link plz",neutral
"No need in workflow",NEGATIVE
"Im eager to review!",positive
"Can u provide pricing breakdown?",neutral
"Not intrested in service",Negative
"Lets set up product overview!",POSITIVE
"Plz send technical guide",neutral
"No need for this",NEGATIVE
"Id love to explore solution!",positive
"Can u share cost structure?",neutral
"Not open to vendors",Negative
"This could be perfect, talk!",POSITIVE
"Send feature comparison plz",neutral
"No intrest in product",NEGATIVE
"Im excited about oppurtunity!",positive
"Can u provide demo video?",neutral
"Not good fit for team",Negative
"Lets discuss how integrates!",POSITIVE
"Plz send pricing structure",neutral
"No need for solution",NEGATIVE
"Id love to see in action!",positive
"Can u share feature list?",neutral
"Were happy w/ setup",Negative
"This sounds great, schdule call!",POSITIVE
"Send support terms plz",neutral
"No intrest right now",NEGATIVE
"Im eager to learn more!",positive
"Can u provide trial account?",neutral
"Not fit for strategy",NEGATIVE
"Lets schdule demo next week!",positive
"Plz send pricing guide",neutral
"No need in workflow",NEGATIVE
"Id love to review w/ team!",positive
"Can u share case study?",neutral
"Not intrested in service",Negative
"This could streamline, connect!",POSITIVE
"Send demo link plz",neutral
"No need for this",NEGATIVE
"Im excited to see demo!",positive
"Can u provide feature roadmap?",neutral
"Not open to vendors",Negative
"Lets discuss in meeting!",POSITIVE
"Plz send technical specs",neutral
"No intrest in product",NEGATIVE
"Id love to explore!",positive
"Can u provide pricing breakdown?",neutral
"Not good fit for us",Negative
"This could be perfect, send proposal!",POSITIVE
"Send pricing structure plz",neutral
"No need for solution",NEGATIVE
"Im eager to review!",positive
"Can u share cost structure?",neutral
"Not fit for strategy",Negative
"Lets set up product overview!",POSITIVE
"Plz send feature comparison",neutral
"No intrest right now",NEGATIVE
"Id love to learn more!",positive
"Can u share demo video?",neutral
"Were happy w/ setup",Negative
"This sounds great, connect!",POSITIVE
"Send support plan plz",neutral
"No need in workflow",NEGATIVE
"Im excited about oppurtunity!",positive
"Can u provide case study?",neutral
"Not intrested in service",Negative
"Lets discuss how integrates!",POSITIVE
"Plz send pricing guide",neutral
"No need for this",NEGATIVE
"Id love to see demo!",positive
"Can u share feature list?",neutral
"Not open to vendors",Negative
"This could streamline, talk!",POSITIVE
"Send demo link plz",neutral
"No intrest in product",NEGATIVE
"Im eager to explore!",positive
"Can u provide trial account?",neutral
"Not good fit for team",Negative
"Lets schdule demo next week!",POSITIVE
"Plz send technical guide",neutral
"No need for solution",NEGATIVE
"Id love to review w/ team!",positive
"Can u share cost breakdown?",neutral
"Not intrest right now",NEGATIVE
"This could be perfect, connect!",positive
"Send pricing breakdown plz",neutral
"No need in workflow",NEGATIVE
"Im excited to see in action!",positive
"Can u share feature roadmap?",neutral
"Not fit for strategy",Negative
"Lets discuss in meeting!",POSITIVE
"Plz send support terms",neutral
"No intrested in service",NEGATIVE
"Id love to learn more!",positive
"Can u provide demo video?",neutral
"Were happy w/ setup",Negative
"This sounds great, schdule call!",POSITIVE
"Send feature comparison plz",neutral
"No need for this",NEGATIVE
"Im eager to review!",positive
"Can u provide case study?",neutral
"Not open to vendors",Negative
"Lets set up product overview!",POSITIVE
"Plz send pricing structure",neutral
"No intrest in product",NEGATIVE
"Id love to explore solution!",positive
"Can u share cost structure?",neutral
"Not good fit for us",Negative
"This could streamline, send proposal!",POSITIVE
"Send demo link plz",neutral
"No need for solution",NEGATIVE
"Im excited about oppurtunity!",positive
"Can u provide feature list?",neutral
"Not intrest right now",Negative
"Lets discuss how integrates!",POSITIVE
"Plz send technical guide",neutral
"No need in workflow",NEGATIVE
"Id love to see demo!",positive
"Can u share pricing guide?",neutral
"Not fit for strategy",Negative
"This could be perfect, connect!",POSITIVE
"Send support terms plz",neutral
"No intrested in service",NEGATIVE
"Im eager to learn more!",positive
"Can u provide demo video?",neutral
"Were happy w/ setup",Negative
"Lets schdule demo next week!",POSITIVE
"Plz send feature comparison",neutral
"No need for this",NEGATIVE
"Id love to review w/ team!",positive
"Can u share cost breakdown?",neutral
"Not open to vendors",Negative
"This sounds great, talk!",POSITIVE
"Send pricing breakdown plz",neutral
"No intrest in product",NEGATIVE
"Im excited to see in action!",positive
"Can u provide case study?",neutral
"Not good fit for team",Negative
"Lets discuss in meeting!",POSITIVE
"Plz send feature roadmap",neutral
"No need for solution",NEGATIVE
"Id love to explore!",positive
"Can u share pricing structure?",neutral
"Not intrest right now",Negative
"This could streamline, send proposal!",POSITIVE
"Send demo link plz",neutral
"No need in workflow",NEGATIVE
"Im eager to review!",positive
"Can u provide trial account?",neutral
"Not fit for strategy",Negative
"Lets set up product overview!",POSITIVE
"Plz send technical specs",neutral
"No intrested in service",NEGATIVE
"Id love to learn more!",positive
"Can u share cost structure?",neutral
"Were happy w/ setup",Negative
"This could be perfect, connect!",POSITIVE
"Send feature comparison plz",neutral
"No intrest in product",NEGATIVE
"Im excited about oppurtunity!",positive
"Can u provide demo video?",neutral
"Not open to vendors",Negative
"Lets discuss how integrates!",POSITIVE
"Plz send pricing guide",neutral
"No need for this",NEGATIVE
"Id love to see demo!",positive
"Can u share feature list?",neutral
"Not good fit for us",Negative
"This sounds great, schdule call!",POSITIVE
"Send support terms plz",neutral
"No intrest right now",NEGATIVE
"Im eager to explore!",positive
"Can u provide case study?",neutral
"Not fit for strategy",Negative
"Lets schdule demo next week!",POSITIVE
"Plz send pricing breakdown",neutral
"No need for solution",NEGATIVE
"Id love to review w/ team!",positive
"Can u share cost structure?",neutral
"Were happy w/ setup",Negative
"This could streamline, talk!",POSITIVE
"Send demo link plz",neutral
"No intrest in product",NEGATIVE
"Im excited to see in action!",positive
"Can u provide feature roadmap?",neutral
"Not open to vendors",Negative
"Lets discuss in meeting!",POSITIVE
"Plz send technical guide",neutral
"No intrested in service",NEGATIVE
"Id love to explore solution!",positive
"Can u share pricing structure?",neutral
"Not good fit for team",Negative
"This could be perfect, send proposal!",POSITIVE
"Send feature comparison plz",neutral
"No need for this",NEGATIVE
"Im eager to learn more!",positive
"Can u provide demo video?",neutral
"Not intrest right now",Negative
"Lets set up product overview!",POSITIVE
"Plz send support plan",neutral
"No need in workflow",NEGATIVE
"Id love to see demo!",positive
"Can u share case study?",neutral
"Were happy w/ setup",Negative
"This sounds great, connect!",POSITIVE
"Send pricing guide plz",neutral
"No intrest in product",NEGATIVE
"Im excited about oppurtunity!",positive
"Can u provide trial account?",neutral
"Not fit for strategy",Negative
"Lets discuss how integrates!",POSITIVE
"Plz send feature list",neutral
"No need for solution",NEGATIVE
"Id love to review w/ team!",positive
"Can u share cost breakdown?",neutral
"Not open to vendors",Negative
"This could streamline, send proposal!",POSITIVE
"Send demo link plz",neutral
"No intrested in service",NEGATIVE
"Im eager to explore!",positive
"Can u provide pricing breakdown?",neutral
"Not good fit for us",Negative
"Lets schdule demo next week!",POSITIVE
"Plz send technical specs",neutral
"No need in workflow",NEGATIVE
"Id love to see in action!",positive
"Can u share feature comparison?",neutral
"Not intrest in product",Negative
"This could be perfect, connect!",POSITIVE
"Send pricing structure plz",neutral
"No need for this",NEGATIVE
"Im excited to learn more!",positive
"Can u provide case study?",neutral
"Were happy w/ setup",Negative
"Lets discuss in meeting!",POSITIVE
"Plz send support terms",neutral
"No intrest right now",NEGATIVE
"Id love to see demo!",positive
"Can u share cost structure?",neutral
"Not fit for strategy",Negative
"This sounds great, schdule call!",POSITIVE
"Send feature roadmap plz",neutral
"No need for solution",NEGATIVE
"Im eager to review!",positive
"Can u provide demo video?",neutral
"Not open to vendors",Negative
"Lets set up product overview!",POSITIVE
"Plz send pricing guide",neutral
"No intrested in service",NEGATIVE
"Id love to explore!",positive
"Can u share feature list?",neutral
"Not good fit for team",Negative
"This could streamline, talk!",POSITIVE
"Send demo link plz",neutral
"No intrest in product",NEGATIVE
"Im excited about oppurtunity!",positive
"Can u provide trial account?",neutral
"Not fit for strategy",Negative
"Lets discuss how integrates!",POSITIVE
"Plz send technical guide",neutral
"No need in workflow",NEGATIVE
"Id love to see in action!",positive
"Can u share pricing breakdown?",neutral
"Were happy w/ setup",Negative
"This could be perfect, send proposal!",POSITIVE
"Send feature comparison plz",neutral
"No intrest right now",NEGATIVE
"Im eager to learn more!",positive
"Can u provide case study?",neutral
"Not open to vendors",Negative
"Lets schdule demo next week!",POSITIVE
"Plz send pricing structure",neutral
"No need for this",NEGATIVE
"Id love to review w/ team!",positive
"Can u share cost structure?",neutral
"Not intrested in service",Negative
"This sounds great, connect!",POSITIVE
"Send demo link plz",neutral
"No need for solution",NEGATIVE
"Im excited to see demo!",positive
"Can u provide feature roadmap?",neutral
"Not good fit for us",Negative
"Lets discuss in meeting!",POSITIVE
"Plz send support plan",neutral
"No intrest in product",NEGATIVE
"Id love to explore solution!",positive
"Can u share pricing guide?",neutral
"Not fit for strategy",Negative
"This could streamline, talk!",POSITIVE
"Send technical specs plz",neutral
"No need in workflow",NEGATIVE
"Im eager to review!",positive
"Can u provide demo video?",neutral
"Not open to vendors",Negative
"Lets set up product overview!",POSITIVE
"Plz send feature comparison",neutral
"No intrest right now",NEGATIVE
"Id love to learn more!",positive
"Can u share cost breakdown?",neutral
"Not good fit for team",Negative
"This could be perfect, send proposal!",POSITIVE
"Send pricing breakdown plz",neutral
"No need for this",NEGATIVE
"Im excited about oppurtunity!",positive
"Can u provide case study?",neutral
"Were happy w/ setup",Negative
"Lets discuss how integrates!",POSITIVE
"Plz send feature list",neutral
"No intrested in service",NEGATIVE
"Id love to see in action!",positive
"Can u share pricing structure?",neutral
"Not open to vendors",Negative
"This sounds great, schdule call!",POSITIVE
"Send demo link plz",neutral
"No intrest in product",NEGATIVE
"Im eager to explore!",positive
"Can u provide trial account?",neutral
"Not fit for strategy",Negative
"Lets schdule demo next week!",POSITIVE
"Plz send technical guide",neutral
"No need for solution",NEGATIVE
"Id love to review w/ team!",positive
"Can u share cost structure?",neutral
"Not good fit for us",Negative
"This could streamline, connect!",POSITIVE
"Send pricing guide plz",neutral
"No intrest right now",NEGATIVE
"Id love to see demo!",positive
"Can u provide feature comparison?",neutral
"Were happy w/ setup",Negative
"This could be perfect, talk!",POSITIVE
"Send support terms plz",neutral
"No need in workflow",NEGATIVE
"Im excited about oppurtunity!",positive
"Can u share demo video?",neutral
"Not intrested in service",Negative
"Lets discuss in meeting!",POSITIVE
"Plz send feature roadmap",neutral
"No need for this",NEGATIVE
"Id love to learn more!",positive
"Can u share case study?",neutral
"Not open to vendors",Negative
"Lets set up product overview!",POSITIVE
"Plz send pricing breakdown",neutral
"No intrest in product",NEGATIVE
"Im eager to review!",positive
"Can u share cost structure?",neutral
"Not good fit for team",Negative
"This could streamline, send proposal!",POSITIVE
"Send demo link plz",neutral
"No need for solution",NEGATIVE
"Id love to explore!",positive
"Can u provide trial account?",neutral
"Not fit for strategy",Negative
"Lets schdule demo next week!",POSITIVE
"Plz send technical specs",neutral
"No intrest right now",NEGATIVE
"Id love to see in action!",positive
"Can u share pricing guide?",neutral
"Were happy w/ setup",Negative
"This sounds great, connect!",POSITIVE
"Send feature comparison plz",neutral
"No intrested in service",NEGATIVE
"Im eager to learn more!",positive
"Can u share demo video?",neutral
"Not open to vendors",Negative
"Lets discuss in meeting!",POSITIVE
"Plz send support plan",neutral
"No intrest in product",NEGATIVE
"Id love to review w/ team!",positive
"Can u share cost breakdown?",neutral
"Not good fit for us",Negative
"This could be perfect, send proposal!",POSITIVE
"Send pricing structure plz",neutral
"No need in workflow",NEGATIVE
"Im excited about oppurtunity!",positive
"Can u share feature list?",neutral
"Not fit for strategy",Negative
"Lets set up product overview!",POSITIVE
"Plz send technical guide",neutral
"No need for this",NEGATIVE
"Id love to explore solution!",positive
"Can u share case study?",neutral
"Were happy w/ setup",Negative
"This could streamline, talk!",POSITIVE
"Send demo link plz",neutral
"No intrest right now",NEGATIVE
"Im eager to see demo!",positive
"Can u provide pricing breakdown?",neutral
"Not open to vendors",Negative
"Lets discuss how integrates!",POSITIVE
"Plz send feature roadmap",neutral
"No intrested in service",NEGATIVE
"Id love to learn more!",positive
"Can u share cost structure?",neutral
"Not good fit for team",Negative
"This sounds great, schdule call!",POSITIVE
"Send pricing guide plz",neutral
"No need for solution",NEGATIVE
"Id love to see in action!",positive
"Can u provide demo video?",neutral
"Not intrest in product",Negative
"Lets schdule demo next week!",POSITIVE
"Plz send support terms",neutral
"No need in workflow",NEGATIVE
"Im eager to review!",positive
"Can u share feature comparison?",neutral
"Not fit for strategy",Negative
"This could be perfect, connect!",POSITIVE
"Send technical specs plz",neutral
"No intrest right now",NEGATIVE
"Id love to explore!",positive
"Can u provide case study?",neutral
"Were happy w/ setup",Negative
"Lets discuss in meeting!",POSITIVE
"Plz send pricing structure",neutral
"No intrested in service",NEGATIVE
"Id love to review w/ team!",positive
"Can u share cost breakdown?",neutral
"Not open to vendors",Negative
"This could streamline, send proposal!",POSITIVE
"Send demo link plz",neutral
"No need for this",NEGATIVE
"Im excited about oppurtunity!",positive
"Can u provide feature list?",neutral
"Not good fit for us",Negative
"Lets set up product overview!",POSITIVE
"Plz send technical guide",neutral
"No intrest in product",NEGATIVE
"Id love to see demo!",positive
"Can u share pricing guide?",neutral
"Not fit for strategy",Negative
"This sounds great, connect!",POSITIVE
"Send support terms plz",neutral
"No need for solution",NEGATIVE
"Im eager to learn more!",positive
"Can u provide demo video?",neutral
"Were happy w/ setup",Negative
"Lets discuss how integrates!",POSITIVE
"Plz send feature comparison",neutral
"No intrest right now",NEGATIVE
"Id love to explore solution!",positive
"Can u share cost structure?",neutral
"Not open to vendors",Negative
"This could be perfect, talk!",POSITIVE
"Send pricing breakdown plz",neutral
"No need in workflow",NEGATIVE
"Im excited to see in action!",positive
"Can u provide case study?",neutral
"Not good fit for team",Negative
"Lets schdule demo next week!",POSITIVE
"Plz send feature roadmap",neutral
"No intrested in service",NEGATIVE
"Id love to review!",positive
"Can u share pricing structure?",neutral
"Not fit for strategy",Negative
"This could streamline, send proposal!",POSITIVE
"Send demo link plz",neutral
"No need for this",NEGATIVE
"Im eager to learn more!",positive
"Can u provide trial account?",neutral
"Were happy w/ setup",Negative
"Lets discuss in meeting!",POSITIVE
"Plz send technical specs",neutral
"No intrest in product",NEGATIVE
"Id love to see demo!",positive
"Can u share cost breakdown?",neutral
"Not open to vendors",Negative
"This sounds great, connect!",POSITIVE
"Send pricing guide plz",neutral
"No need for solution",NEGATIVE
"Im excited about oppurtunity!",positive
"Can u share feature comparison?",neutral
"Not good fit for us",Negative
"Lets set up product overview!",POSITIVE
"Plz send support plan",neutral
"No intrest right now",NEGATIVE
"Id love to explore!",positive
"Can u provide demo video?",neutral
"Not fit for strategy",Negative
"This could be perfect, send proposal!",POSITIVE
"Send feature list plz",neutral
"No need in workflow",NEGATIVE
"Im eager to review!",positive
"Can u share pricing breakdown?",neutral
"Not intrested in service",Negative
"Lets discuss how integrates!",POSITIVE
"Plz send technical guide",neutral
"No need for this",NEGATIVE
"Id love to see in action!",positive
"Can u share cost structure?",neutral
"Were happy w/ setup",Negative
"This could streamline, talk!",POSITIVE
"Send demo link plz",neutral
"No intrest in product",NEGATIVE
"Im excited to learn more!",positive
"Can u provide case study?",neutral
"Not open to vendors",Negative
"Lets schdule demo next week!",POSITIVE
"Plz send feature roadmap",neutral
"No intrest right now",NEGATIVE
"Id love to explore solution!",positive
"Can u share pricing guide?",neutral
"Not good fit for team",Negative
"This sounds great, connect!",POSITIVE
"Send pricing structure plz",neutral
"No need for solution",NEGATIVE
"Im eager to see demo!",positive
"Can u provide demo video?",neutral
"Not fit for strategy",Negative
"Lets discuss in meeting!",POSITIVE
"Plz send support terms",neutral
"No intrested in service",NEGATIVE
"Id love to review w/ team!",positive
"Can u share cost breakdown?",neutral
"Not open to vendors",Negative
"This could be perfect, send proposal!",POSITIVE
"Send feature comparison plz",neutral
"No need in workflow",NEGATIVE
"Im excited about oppurtunity!",positive
"Can u provide feature list?",neutral
"Not good fit for us",Negative
"Lets set up product overview!",POSITIVE
"Plz send technical specs",neutral
"No intrest in product",NEGATIVE
"Id love to learn more!",positive
"Can u share pricing breakdown?",neutral
"Were happy w/ setup",Negative
"This could streamline, talk!",POSITIVE
"Send demo link plz",neutral
"No intrest right now",NEGATIVE
"Im eager to explore!",positive
"Can u provide case study?",neutral
"Not fit for strategy",Negative
"Lets discuss how integrates!",POSITIVE
"Plz send pricing guide",neutral
"No need for this",NEGATIVE
"Id love to see demo!",positive
"Can u share cost structure?",neutral
"Not open to vendors",Negative
"This sounds great, connect!",POSITIVE
"Send support plan plz",neutral
"No intrested in service",NEGATIVE
"Id love to review!",positive
"Can u share feature roadmap?",neutral
"Not good fit for team",Negative
"Lets schdule demo next week!",POSITIVE
"Plz send technical guide",neutral
"No need for solution",NEGATIVE
"Id love to explore solution!",positive
"Can u provide demo video?",neutral
"Were happy w/ setup",Negative
"This could be perfect, send proposal!",POSITIVE
"Send pricing structure plz",neutral
"No intrest in product",NEGATIVE
"Im excited about oppurtunity!",positive
"Can u share cost breakdown?",neutral
"Not open to vendors",Negative
"Lets discuss in meeting!",POSITIVE
"Plz send feature comparison",neutral
"No need in workflow",NEGATIVE
"Id love to see in action!",positive
"Can u share pricing guide?",neutral
"Not good fit for us",Negative
"This could streamline, talk!",POSITIVE
"Send demo link plz",neutral
"No intrest right now",NEGATIVE
"Im eager to learn more!",positive
"Can u provide case study?",neutral
"Not fit for strategy",Negative
"Lets set up product overview!",POSITIVE
"Plz send support terms",neutral
"No intrested in service",NEGATIVE
"Id love to review w/ team!",positive
"Can u share cost structure?",neutral
"Were happy w/ setup",Negative
"This sounds great, connect!",POSITIVE
"Send feature list plz",neutral
"No need for this",NEGATIVE
"Im excited to see demo!",positive
"Can u provide demo video?",neutral
"Not open to vendors",Negative
"Lets discuss how integrates!",POSITIVE
"Plz send pricing breakdown",neutral
"No intrest in product",NEGATIVE
"Id love to explore!",positive
"Can u share feature roadmap?",neutral
"Not good fit for team",Negative
"This could be perfect, send proposal!",POSITIVE
"Send technical specs plz",neutral
"No need for solution",NEGATIVE
"Im eager to review!",positive
"Can u share cost breakdown?",neutral
"Not fit for strategy",Negative
"Lets schdule demo next week!",POSITIVE
"Plz send pricing guide",neutral
"No intrest right now",NEGATIVE
"Id love to see in action!",positive
"Can u provide case study?",neutral
"Were happy w/ setup",Negative
"This could streamline, talk!",POSITIVE
"Send demo link plz",neutral
"No intrested in service",NEGATIVE
"Im excited about oppurtunity!",positive
"Can u share feature comparison?",neutral
"Not open to vendors",Negative
"Lets discuss in meeting!",POSITIVE
"Plz send support plan",neutral
"No need in workflow",NEGATIVE
"Id love to learn more!",positive
"Can u share cost structure?",neutral
"Not good fit for us",Negative
"This sounds great, connect!",POSITIVE
"Send pricing structure plz",neutral
"No intrest in product",NEGATIVE
"Im eager to explore!",positive
"Can u provide demo video?",neutral
"Not fit for strategy",Negative
"Lets set up product overview!",POSITIVE
"Plz send feature list",neutral
"No need for this",NEGATIVE
"Id love to see demo!",positive
"Can u share pricing breakdown?",neutral
"Were happy w/ setup",Negative
"This could be perfect, send proposal!",POSITIVE
"Send technical guide plz",neutral
"No intrest right now",NEGATIVE
"Im excited to review!",positive
"Can u provide case study?",neutral
"Not open to vendors",Negative
"Lets discuss how integrates!",POSITIVE
"Plz send feature roadmap",neutral
"No intrested in service",NEGATIVE
"Id love to explore solution!",positive
"Can u share cost structure?",neutral
"Not good fit for team",Negative
"This could streamline, talk!",POSITIVE
"Send demo link plz",neutral
"No intrest in product",NEGATIVE
"Im eager to learn more!",positive
"Can u provide pricing guide?",neutral
"Not fit for strategy",Negative
"Lets schdule demo next week!",POSITIVE
"Plz send support terms",neutral
"No need for this",NEGATIVE
"Id love to see in action!",positive
"Can u share demo video?",neutral
"Were happy w/ setup",Negative
"This sounds great, connect!",POSITIVE
"Send feature comparison plz",neutral
"No intrest right now",NEGATIVE
"Im excited about oppurtunity!",positive
"Can u provide cost breakdown?",neutral
"Not open to vendors",Negative
"Lets discuss in meeting!",POSITIVE
"Plz send pricing structure",neutral
"No intrested in service",NEGATIVE
"Id love to review w/ team!",positive
"Can u share feature list?",neutral
"Not good fit for us",Negative
"This could be perfect, send proposal!",POSITIVE
"Send technical specs plz",neutral
"No need for solution",NEGATIVE
"Im eager to explore!",positive
"Can u provide demo video?",neutral
"Not fit for strategy",Negative
"Lets set up product overview!",POSITIVE
"Plz send pricing guide",neutral
"No intrest in product",NEGATIVE
"Id love to see demo!",positive
"Can u share case study?",neutral
"Were happy w/ setup",Negative
"This could streamline, talk!",POSITIVE
"Send demo link plz",neutral
"No intrest right now",NEGATIVE
"Im excited to learn more!",positive
"Can u provide feature roadmap?",neutral
"Not open to vendors",Negative
"Lets discuss how integrates!",POSITIVE
"Plz send support plan",neutral
"No intrested in service",NEGATIVE
"Id love to review!",positive
"Can u share cost structure?",neutral
"Not good fit for team",Negative
"This sounds great, connect!",POSITIVE
"Send pricing breakdown plz",neutral
"No need for this",NEGATIVE
"Im eager to see demo!",positive
"Can u provide demo video?",neutral
"Not fit for strategy",Negative
"Lets schdule demo next week!",POSITIVE
"Plz send feature comparison",neutral
"No intrest in product",NEGATIVE
"Id love to explore solution!",positive
"Can u share pricing guide?",neutral
"Were happy w/ setup",Negative
"This could be perfect, send proposal!",POSITIVE
"Send technical guide plz",neutral
"No intrest right now",NEGATIVE
"Im excited about oppurtunity!",positive
"Can u share cost breakdown?",neutral
"Not open to vendors",Negative
"Lets discuss in meeting!",POSITIVE
"Plz send feature list",neutral
"No intrested in service",NEGATIVE
"Id love to learn more!",positive
"Can u share demo video?",neutral
"Not good fit for us",Negative
"This could streamline, talk!",POSITIVE
"Send pricing structure plz",neutral
"No need for solution",NEGATIVE
"Im eager to review!",positive
"Can u provide case study?",neutral
"Not fit for strategy",Negative
"Lets set up product overview!",POSITIVE
"Plz send support terms",neutral
"No intrest in product",NEGATIVE
"Id love to see demo!",positive
"Can u share feature roadmap?",neutral
"Were happy w/ setup",Negative
"This sounds great, connect!",POSITIVE
"Send demo link plz",neutral
"No intrest right now",NEGATIVE
"Im excited to explore!",positive
"Can u provide cost structure?",neutral
"Not open to vendors",Negative
"Lets discuss how integrates!",POSITIVE
"Plz send pricing guide",neutral
"No intrested in service",NEGATIVE
"Id love to review w/ team!",positive
"Can u share feature comparison?",neutral
"Not good fit for team",Negative
"This could be perfect, send proposal!",POSITIVE
"Send technical specs plz",neutral
"No need for this",NEGATIVE
"Im eager to learn more!",positive
"Can u provide demo video?",neutral
"Not fit for strategy",Negative
"Lets schdule demo next week!",POSITIVE
"Plz send pricing breakdown",neutral
"No intrest in product",NEGATIVE
"Id love to see in action!",positive
"Can u share cost structure?",neutral
"Were happy w/ setup",Negative
"This could streamline, talk!",POSITIVE
"Send feature list plz",neutral
"No intrest right now",NEGATIVE
"Im excited about oppurtunity!",positive
"Can u provide case study?",neutral
"Not open to vendors",Negative
"Lets discuss in meeting!",POSITIVE
"Plz send support plan",neutral
"No intrested in service",NEGATIVE
"Id love to explore!",positive
"Can u share pricing guide?",neutral
"Not good fit for us",Negative
"This sounds great, connect!",POSITIVE
"Send demo link plz",neutral
"No intrest in product",NEGATIVE
"Id love to review!",positive
"Can u share feature roadmap?",neutral
"Not fit for strategy",Negative
"Lets set up product overview!",POSITIVE
"Plz send technical guide",neutral
"No intrest right now",NEGATIVE
"Id love to see demo!",positive
"Can u share cost breakdown?",neutral
"Were happy w/ setup",Negative
"This could be perfect, send proposal!",POSITIVE
"Send pricing structure plz",neutral
"No intrested in service",NEGATIVE
"Im eager to learn more!",positive
"Can u share demo video?",neutral
"Not open to vendors",Negative
"Lets discuss how integrates!",POSITIVE
"Plz send feature comparison",neutral
"No intrest in product",NEGATIVE
"Id love to explore solution!",positive
"Can u share pricing guide?",neutral
"Not good fit for team",Negative
"This could streamline, talk!",POSITIVE
"Send support terms plz",neutral
"No intrest right now",NEGATIVE
"Im eager to see in action!",positive
We already have a vendor for this.,negative
"Sounds interesting, lets set up a call.",positive
"Yes, I would love to schedule a demo.",positive
"Yes, I would love to schedule a demo.",positive
What exactly does your product do?,neutral
Please remove me from your mailing list.,negative
"This could work for our team, send me the proposal.",positive
Can you share more information?,neutral
We already have a vendor for this.,negative
Looking forward to the meeting next week.,positive
Send me the details and Ill review.,neutral
Can you share more information?,neutral
"Please share the details, Im interested.",positive
"Sounds interesting, lets set up a call.",positive
Ill forward this to my manager.,neutral
"Im busy this week, maybe later.",neutral
"This could work for our team, send me the proposal.",positive
"Sounds interesting, lets set up a call.",positive
Looking forward to the meeting next week.,positive
Ill forward this to my manager.,neutral
Can you share more information?,neutral
"Not interested, thank you.",negative
Can you share more information?,neutral
I am not the right person to contact.,negative
"Sounds interesting, lets set up a call.",positive
"This could work for our team, send me the proposal.",positive
Looking forward to the meeting next week.,positive
I am not the right person to contact.,negative
"This could work for our team, send me the proposal.",positive
"Please share the details, Im interested.",positive
Ill forward this to my manager.,neutral
Can you share more information?,neutral
"This could work for our team, send me the proposal.",positive
I am not the right person to contact.,negative
I am not the right person to contact.,negative
"Please share the details, Im interested.",positive
"Yes, I would love to schedule a demo.",positive
Send me the details and Ill review.,neutral
I am not the right person to contact.,negative
"Sounds interesting, lets set up a call.",positive
"Im busy this week, maybe later.",neutral
Ill forward this to my manager.,neutral
Can you share more information?,neutral
Can you share more information?,neutral
Ill forward this to my manager.,neutral
We dont need this solution right now.,negative
What exactly does your product do?,neutral
Can you share more information?,neutral
Looking forward to the meeting next week.,positive
Please remove me from your mailing list.,negative
"Not interested, thank you.",negative
We dont need this solution right now.,negative
"Yes, I would love to schedule a demo.",positive
"Not interested, thank you.",negative
We already have a vendor for this.,negative
Can you share more information?,neutral
Can you share more information?,neutral
Ill forward this to my manager.,neutral
Looking forward to the meeting next week.,positive
Can you share more information?,neutral
"Sounds interesting, lets set up a call.",positive
I am not the right person to contact.,negative
I am not the right person to contact.,negative
What exactly does your product do?,neutral
"Yes, I would love to schedule a demo.",positive
"Please share the details, Im interested.",positive
Please remove me from your mailing list.,negative
Send me the details and Ill review.,neutral
Can you share more information?,neutral
Send me the details and Ill review.,neutral
"Yes, I would love to schedule a demo.",positive
"This could work for our team, send me the proposal.",positive
"Sounds interesting, lets set up a call.",positive
Please remove me from your mailing list.,negative
I am not the right person to contact.,negative
"This could work for our team, send me the proposal.",positive
Can you share more information?,neutral
"Im busy this week, maybe later.",neutral
Looking forward to the meeting next week.,positive
We dont need this solution right now.,negative
Please remove me from your mailing list.,negative
I am not the right person to contact.,negative
Ill forward this to my manager.,neutral
Please remove me from your mailing list.,negative
"Sounds interesting, lets set up a call.",positive
We already have a vendor for this.,negative
Please remove me from your mailing list.,negative
"Sounds interesting, lets set up a call.",positive
We already have a vendor for this.,negative
"Im busy this week, maybe later.",neutral
We already have a vendor for this.,negative
"Please share the details, Im interested.",positive
"Sounds interesting, lets set up a call.",positive
Ill forward this to my manager.,neutral
I am not the right person to contact.,negative
Can you share more information?,neutral
We dont need this solution right now.,negative
"This could work for our team, send me the proposal.",positive
"This could work for our team, send me the proposal.",positive
"Please share the details, Im interested.",positive
We dont need this solution right now.,negative
What exactly does your product do?,neutral
We dont need this solution right now.,negative
Looking forward to the meeting next week.,positive
What exactly does your product do?,neutral
We already have a vendor for this.,negative
We already have a vendor for this.,negative
"Not interested, thank you.",negative
Please remove me from your mailing list.,negative
We dont need this solution right now.,negative
"Im busy this week, maybe later.",neutral
We dont need this solution right now.,negative
"Please share the details, Im interested.",positive
Can you share more information?,neutral
Ill forward this to my manager.,neutral
"Im busy this week, maybe later.",neutral
"Im busy this week, maybe later.",neutral
"Yes, I would love to schedule a demo.",positive
Can you share more information?,neutral
Looking forward to the meeting next week.,positive
Ill forward this to my manager.,neutral
What exactly does your product do?,neutral
Please remove me from your mailing list.,negative
"Not interested, thank you.",negative
"Im busy this week, maybe later.",neutral
We already have a vendor for this.,negative
Can you share more information?,neutral
"Please share the details, Im interested.",positive
Please remove me from your mailing list.,negative
"Sounds interesting, lets set up a call.",positive
We dont need this solution right now.,negative
Looking forward to the meeting next week.,positive
Please remove me from your mailing list.,negative
"Im busy this week, maybe later.",neutral
Ill forward this to my manager.,neutral
We already have a vendor for this.,negative
"Please share the details, Im interested.",positive
"Im busy this week, maybe later.",neutral
Send me the details and Ill review.,neutral
Please remove me from your mailing list.,negative
"Im busy this week, maybe later.",neutral
What exactly does your product do?,neutral
I am not the right person to contact.,negative
"Please share the details, Im interested.",positive
What exactly does your product do?,neutral
Looking forward to the meeting next week.,positive
"Im busy this week, maybe later.",neutral
"Yes, I would love to schedule a demo.",positive
We already have a vendor for this.,negative
"Sounds interesting, lets set up a call.",positive
"Yes, I would love to schedule a demo.",positive
"Please share the details, Im interested.",positive
We dont need this solution right now.,negative
"Im busy this week, maybe later.",neutral
"Sounds interesting, lets set up a call.",positive
We already have a vendor for this.,negative
"Yes, I would love to schedule a demo.",positive
Can you share more information?,neutral
Can you share more information?,neutral
I am not the right person to contact.,negative
"This could work for our team, send me the proposal.",positive
Can you share more information?,neutral
We dont need this solution right now.,negative
Please remove me from your mailing list.,negative
"Not interested, thank you.",negative
"Sounds interesting, lets set up a call.",positive
Please remove me from your mailing list.,negative
We dont need this solution right now.,negative
What exactly does your product do?,neutral
"Sounds interesting, lets set up a call.",positive
We already have a vendor for this.,negative
Ill forward this to my manager.,neutral
Looking forward to the meeting next week.,positive
"Please share the details, Im interested.",positive
Please remove me from your mailing list.,negative
We already have a vendor for this.,negative
Please remove me from your mailing list.,negative
Please remove me from your mailing list.,negative
Send me the details and Ill review.,neutral
"Im busy this week, maybe later.",neutral
"Not interested, thank you.",negative
"Sounds interesting, lets set up a call.",positive
"This could work for our team, send me the proposal.",positive
What exactly does your product do?,neutral
Send me the details and Ill review.,neutral
What exactly does your product do?,neutral
Ill forward this to my manager.,neutral
"Im busy this week, maybe later.",neutral
"Im busy this week, maybe later.",neutral
I am not the right person to contact.,negative
"Im busy this week, maybe later.",neutral
"This could work for our team, send me the proposal.",positive
"Not interested, thank you.",negative
"Im busy this week, maybe later.",neutral
What exactly does your product do?,neutral
"Sounds interesting, lets set up a call.",positive
We dont need this solution right now.,negative
"Sounds interesting, lets set up a call.",positive
"Not interested, thank you.",negative
We dont need this solution right now.,negative
We already have a vendor for this.,negative
We already have a vendor for this.,negative
We already have a vendor for this.,negative
Send me the details and Ill review.,neutral
We dont need this solution right now.,negative
Please remove me from your mailing list.,negative
"This could work for our team, send me the proposal.",positive
Looking forward to the meeting next week.,positive
I am not the right person to contact.,negative
What exactly does your product do?,neutral
"Sounds interesting, lets set up a call.",positive
"Im busy this week, maybe later.",neutral
"Not interested, thank you.",negative
"Please share the details, Im interested.",positive
We dont need this solution right now.,negative
"Sounds interesting, lets set up a call.",positive
"Please share the details, Im interested.",positive
"Im busy this week, maybe later.",neutral
"Please share the details, Im interested.",positive
"This could work for our team, send me the proposal.",positive
Ill forward this to my manager.,neutral
Ill forward this to my manager.,neutral
"Im busy this week, maybe later.",neutral
We dont need this solution right now.,negative
"Yes, I would love to schedule a demo.",positive
"This could work for our team, send me the proposal.",positive
I am not the right person to contact.,negative
"Sounds interesting, lets set up a call.",positive
Please remove me from your mailing list.,negative
"Yes, I would love to schedule a demo.",positive
Please remove me from your mailing list.,negative
"Not interested, thank you.",negative
"This could work for our team, send me the proposal.",positive
Send me the details and Ill review.,neutral
What exactly does your product do?,neutral
"Not interested, thank you.",negative
"This could work for our team, send me the proposal.",positive
"Not interested, thank you.",negative
"Not interested, thank you.",negative
Can you share more information?,neutral
"Sounds interesting, lets set up a call.",positive
Can you share more information?,neutral
I am not the right person to contact.,negative
"Yes, I would love to schedule a demo.",positive
"Not interested, thank you.",negative
"This could work for our team, send me the proposal.",positive
"This could work for our team, send me the proposal.",positive
"This could work for our team, send me the proposal.",positive
"This could work for our team, send me the proposal.",positive
Please remove me from your mailing list.,negative
Looking forward to the meeting next week.,positive
We dont need this solution right now.,negative
"Yes, I would love to schedule a demo.",positive
Ill forward this to my manager.,neutral
I am not the right person to contact.,negative
"Please share the details, Im interested.",positive
Send me the details and Ill review.,neutral
"Sounds interesting, lets set up a call.",positive
"Not interested, thank you.",negative
"Yes, I would love to schedule a demo.",positive
"This could work for our team, send me the proposal.",positive
"Im busy this week, maybe later.",neutral
Looking forward to the meeting next week.,positive
"Please share the details, Im interested.",positive
We already have a vendor for this.,negative
"Not interested, thank you.",negative
Can you share more information?,neutral
Send me the details and Ill review.,neutral
"Please share the details, Im interested.",positive
"Im busy this week, maybe later.",neutral
Ill forward this to my manager.,neutral
"Please share the details, Im interested.",positive
Please remove me from your mailing list.,negative
"Yes, I would love to schedule a demo.",positive
Looking forward to the meeting next week.,positive
Looking forward to the meeting next week.,positive
Ill forward this to my manager.,neutral
Ill forward this to my manager.,neutral
Ill forward this to my manager.,neutral
"This could work for our team, send me the proposal.",positive
Looking forward to the meeting next week.,positive
Looking forward to the meeting next week.,positive
"Not interested, thank you.",negative
What exactly does your product do?,neutral
We dont need this solution right now.,negative
Can you share more information?,neutral
Send me the details and Ill review.,neutral
I am not the right person to contact.,negative
Ill forward this to my manager.,neutral
I am not the right person to contact.,negative
Looking forward to the meeting next week.,positive
We dont need this solution right now.,negative
"Not interested, thank you.",negative
We dont need this solution right now.,negative
Can you share more information?,neutral
Please remove me from your mailing list.,negative
Ill forward this to my manager.,neutral
Can you share more information?,neutral
Send me the details and Ill review.,neutral
What exactly does your product do?,neutral
I am not the right person to contact.,negative
